{"cameraMode":{"drawMode":0,"name":"Shaded","section":"Shading Mode"},"sceneLighting":false,"audioPlay":false,"sceneViewState":{"m_AlwaysRefresh":false,"showFog":true,"showSkybox":false,"showFlares":true,"showImageEffects":true,"showParticleSystems":true,"showVisualEffectGraphs":true,"m_FxEnabled":false},"in2DMode":false,"pivot":{"x":-0.00241813063621521,"y":0.12496346235275269,"z":0.0038491487503051759},"rotation":{"x":-0.0010718238772824407,"y":0.9672049283981323,"z":-0.2539963722229004,"w":-0.004059440456330776},"size":0.2823389172554016,"orthographic":false}