{"cameraMode":{"drawMode":0,"name":"Shaded","section":"Shading Mode"},"sceneLighting":false,"audioPlay":false,"sceneViewState":{"m_AlwaysRefresh":false,"showFog":true,"showSkybox":false,"showFlares":true,"showImageEffects":true,"showParticleSystems":true,"showVisualEffectGraphs":true,"m_FxEnabled":true},"in2DMode":false,"pivot":{"x":-2.515843391418457,"y":2.8297624588012697,"z":-0.9337491989135742},"rotation":{"x":0.026435457170009614,"y":0.9652546644210815,"z":-0.23653066158294679,"w":0.10787954181432724},"size":9.391233444213868,"orthographic":false}