{"cameraMode":{"drawMode":0,"name":"Shaded","section":"Shading Mode"},"sceneLighting":true,"audioPlay":false,"sceneViewState":{"m_AlwaysRefresh":false,"showFog":true,"showSkybox":true,"showFlares":true,"showImageEffects":true,"showParticleSystems":true,"showVisualEffectGraphs":true,"m_FxEnabled":false},"in2DMode":false,"pivot":{"x":727.88623046875,"y":75.75932312011719,"z":402.36541748046877},"rotation":{"x":-0.0006461742450483143,"y":0.9880339503288269,"z":0.004140202887356281,"w":0.15418201684951783},"size":87.0533676147461,"orthographic":false}